Date;Time; EC [ µS ];°C;Ref.Temp. [ °C ];Temp.Comp.;Temp.Coef.;Remarks
02/06/2023 ;16:41:56 ; 596,5 ; 22,4 ; 25 ;"ATC"; 1,9 ;""
02/06/2023 ;16:42:01 ; 597 ; 22,4 ; 25 ;"ATC"; 1,9 ;""
02/06/2023 ;16:42:06 ; 597,1 ; 22,4 ; 25 ;"ATC"; 1,9 ;""
02/06/2023 ;16:42:11 ; 597,1 ; 22,4 ; 25 ;"ATC"; 1,9 ;""
02/06/2023 ;16:42:16 ; 597,1 ; 22,4 ; 25 ;"ATC"; 1,9 ;""
02/06/2023 ;16:42:21 ; 597,2 ; 22,4 ; 25 ;"ATC"; 1,9 ;""
02/06/2023 ;16:42:26 ; 597,1 ; 22,4 ; 25 ;"ATC"; 1,9 ;""
02/06/2023 ;16:42:31 ; 597,1 ; 22,4 ; 25 ;"ATC"; 1,9 ;""
02/06/2023 ;16:42:36 ; 597,5 ; 22,4 ; 25 ;"ATC"; 1,9 ;""
02/06/2023 ;16:42:41 ; 597,3 ; 22,4 ; 25 ;"ATC"; 1,9 ;""
02/06/2023 ;16:42:46 ; 597 ; 22,4 ; 25 ;"ATC"; 1,9 ;""
02/06/2023 ;16:42:51 ; 597,1 ; 22,4 ; 25 ;"ATC"; 1,9 ;""
02/06/2023 ;16:42:56 ; 597,2 ; 22,4 ; 25 ;"ATC"; 1,9 ;""
02/06/2023 ;16:43:01 ; 597,1 ; 22,4 ; 25 ;"ATC"; 1,9 ;""
02/06/2023 ;16:43:06 ; 597,2 ; 22,4 ; 25 ;"ATC"; 1,9 ;""
02/06/2023 ;16:43:11 ; 597,1 ; 22,4 ; 25 ;"ATC"; 1,9 ;""
02/06/2023 ;16:43:16 ; 597,1 ; 22,4 ; 25 ;"ATC"; 1,9 ;""
02/06/2023 ;16:43:21 ; 597,2 ; 22,4 ; 25 ;"ATC"; 1,9 ;""
02/06/2023 ;16:43:26 ; 597,1 ; 22,4 ; 25 ;"ATC"; 1,9 ;""
02/06/2023 ;16:43:31 ; 597 ; 22,4 ; 25 ;"ATC"; 1,9 ;""
02/06/2023 ;16:43:36 ; 596,8 ; 22,4 ; 25 ;"ATC"; 1,9 ;""
02/06/2023 ;16:43:41 ; 597,1 ; 22,4 ; 25 ;"ATC"; 1,9 ;""
02/06/2023 ;16:43:46 ; 597 ; 22,4 ; 25 ;"ATC"; 1,9 ;""
02/06/2023 ;16:43:51 ; 598,3 ; 22,4 ; 25 ;"ATC"; 1,9 ;""
02/06/2023 ;16:43:56 ; 629,1 ; 22,4 ; 25 ;"ATC"; 1,9 ;""
02/06/2023 ;16:44:01 ; 660,8 ; 22,4 ; 25 ;"ATC"; 1,9 ;""
02/06/2023 ;16:44:06 ; 639,7 ; 22,4 ; 25 ;"ATC"; 1,9 ;""
02/06/2023 ;16:44:11 ; 689,3 ; 22,4 ; 25 ;"ATC"; 1,9 ;""
02/06/2023 ;16:44:16 ; 680,8 ; 22,4 ; 25 ;"ATC"; 1,9 ;""
02/06/2023 ;16:44:21 ; 696,5 ; 22,4 ; 25 ;"ATC"; 1,9 ;""
02/06/2023 ;16:44:26 ; 684,8 ; 22,4 ; 25 ;"ATC"; 1,9 ;""
02/06/2023 ;16:44:31 ; 671,1 ; 22,4 ; 25 ;"ATC"; 1,9 ;""
02/06/2023 ;16:44:36 ; 667,8 ; 22,4 ; 25 ;"ATC"; 1,9 ;""
02/06/2023 ;16:44:41 ; 692,8 ; 22,4 ; 25 ;"ATC"; 1,9 ;""
02/06/2023 ;16:44:46 ; 707,6 ; 22,4 ; 25 ;"ATC"; 1,9 ;""
02/06/2023 ;16:44:51 ; 714,7 ; 22,4 ; 25 ;"ATC"; 1,9 ;""
02/06/2023 ;16:44:56 ; 716 ; 22,4 ; 25 ;"ATC"; 1,9 ;""
02/06/2023 ;16:45:01 ; 724,1 ; 22,4 ; 25 ;"ATC"; 1,9 ;""
02/06/2023 ;16:45:06 ; 711,4 ; 22,4 ; 25 ;"ATC"; 1,9 ;""
02/06/2023 ;16:45:11 ; 692,9 ; 22,4 ; 25 ;"ATC"; 1,9 ;""
02/06/2023 ;16:45:16 ; 687,1 ; 22,4 ; 25 ;"ATC"; 1,9 ;""
02/06/2023 ;16:45:21 ; 681,6 ; 22,4 ; 25 ;"ATC"; 1,9 ;""
02/06/2023 ;16:45:26 ; 679,4 ; 22,4 ; 25 ;"ATC"; 1,9 ;""
02/06/2023 ;16:45:31 ; 674 ; 22,4 ; 25 ;"ATC"; 1,9 ;""
02/06/2023 ;16:45:36 ; 677,6 ; 22,4 ; 25 ;"ATC"; 1,9 ;""
02/06/2023 ;16:45:41 ; 691,5 ; 22,4 ; 25 ;"ATC"; 1,9 ;""
02/06/2023 ;16:45:46 ; 688,6 ; 22,4 ; 25 ;"ATC"; 1,9 ;""
02/06/2023 ;16:45:51 ; 687,4 ; 22,4 ; 25 ;"ATC"; 1,9 ;""
02/06/2023 ;16:45:56 ; 688,5 ; 22,4 ; 25 ;"ATC"; 1,9 ;""
02/06/2023 ;16:46:01 ; 689,9 ; 22,4 ; 25 ;"ATC"; 1,9 ;""
02/06/2023 ;16:46:06 ; 683,7 ; 22,4 ; 25 ;"ATC"; 1,9 ;""
02/06/2023 ;16:46:11 ; 680,1 ; 22,4 ; 25 ;"ATC"; 1,9 ;""
02/06/2023 ;16:46:16 ; 680,8 ; 22,4 ; 25 ;"ATC"; 1,9 ;""
02/06/2023 ;16:46:21 ; 681,9 ; 22,4 ; 25 ;"ATC"; 1,9 ;""
02/06/2023 ;16:46:26 ; 686,2 ; 22,4 ; 25 ;"ATC"; 1,9 ;""
02/06/2023 ;16:46:31 ; 687,9 ; 22,4 ; 25 ;"ATC"; 1,9 ;""
02/06/2023 ;16:46:36 ; 689 ; 22,4 ; 25 ;"ATC"; 1,9 ;""
02/06/2023 ;16:46:41 ; 697,5 ; 22,4 ; 25 ;"ATC"; 1,9 ;""
02/06/2023 ;16:46:46 ; 697,6 ; 22,4 ; 25 ;"ATC"; 1,9 ;""
02/06/2023 ;16:46:51 ; 697 ; 22,4 ; 25 ;"ATC"; 1,9 ;""
02/06/2023 ;16:46:56 ; 697,1 ; 22,4 ; 25 ;"ATC"; 1,9 ;""
02/06/2023 ;16:47:01 ; 697 ; 22,4 ; 25 ;"ATC"; 1,9 ;""
02/06/2023 ;16:47:06 ; 697,5 ; 22,4 ; 25 ;"ATC"; 1,9 ;""
02/06/2023 ;16:47:11 ; 699,5 ; 22,4 ; 25 ;"ATC"; 1,9 ;""
02/06/2023 ;16:47:16 ; 704,1 ; 22,4 ; 25 ;"ATC"; 1,9 ;""
02/06/2023 ;16:47:21 ; 704,7 ; 22,4 ; 25 ;"ATC"; 1,9 ;""
02/06/2023 ;16:47:26 ; 706,8 ; 22,4 ; 25 ;"ATC"; 1,9 ;""
02/06/2023 ;16:47:31 ; 711,3 ; 22,4 ; 25 ;"ATC"; 1,9 ;""
02/06/2023 ;16:47:36 ; 713,4 ; 22,4 ; 25 ;"ATC"; 1,9 ;""
02/06/2023 ;16:47:41 ; 728,7 ; 22,4 ; 25 ;"ATC"; 1,9 ;""
02/06/2023 ;16:47:46 ; 736,8 ; 22,4 ; 25 ;"ATC"; 1,9 ;""
02/06/2023 ;16:47:51 ; 741,4 ; 22,4 ; 25 ;"ATC"; 1,9 ;""
02/06/2023 ;16:47:56 ; 744,8 ; 22,4 ; 25 ;"ATC"; 1,9 ;""
02/06/2023 ;16:48:01 ; 752,7 ; 22,4 ; 25 ;"ATC"; 1,9 ;""
02/06/2023 ;16:48:06 ; 761,2 ; 22,4 ; 25 ;"ATC"; 1,9 ;""
02/06/2023 ;16:48:11 ; 761,6 ; 22,4 ; 25 ;"ATC"; 1,9 ;""
02/06/2023 ;16:48:16 ; 761 ; 22,4 ; 25 ;"ATC"; 1,9 ;""
02/06/2023 ;16:48:21 ; 769,8 ; 22,4 ; 25 ;"ATC"; 1,9 ;""
02/06/2023 ;16:48:26 ; 773,2 ; 22,4 ; 25 ;"ATC"; 1,9 ;""
02/06/2023 ;16:48:31 ; 776 ; 22,4 ; 25 ;"ATC"; 1,9 ;""
02/06/2023 ;16:48:36 ; 776,8 ; 22,4 ; 25 ;"ATC"; 1,9 ;""
02/06/2023 ;16:48:41 ; 782,4 ; 22,4 ; 25 ;"ATC"; 1,9 ;""
02/06/2023 ;16:48:46 ; 783 ; 22,4 ; 25 ;"ATC"; 1,9 ;""
02/06/2023 ;16:48:51 ; 783,4 ; 22,4 ; 25 ;"ATC"; 1,9 ;""
02/06/2023 ;16:48:56 ; 783,9 ; 22,4 ; 25 ;"ATC"; 1,9 ;""
02/06/2023 ;16:49:01 ; 785,9 ; 22,4 ; 25 ;"ATC"; 1,9 ;""
02/06/2023 ;16:49:06 ; 786,1 ; 22,4 ; 25 ;"ATC"; 1,9 ;""
02/06/2023 ;16:49:11 ; 789,4 ; 22,4 ; 25 ;"ATC"; 1,9 ;""
02/06/2023 ;16:49:16 ; 789 ; 22,4 ; 25 ;"ATC"; 1,9 ;""
02/06/2023 ;16:49:21 ; 787 ; 22,4 ; 25 ;"ATC"; 1,9 ;""
02/06/2023 ;16:49:26 ; 789,1 ; 22,4 ; 25 ;"ATC"; 1,9 ;""
02/06/2023 ;16:49:31 ; 795,8 ; 22,4 ; 25 ;"ATC"; 1,9 ;""
02/06/2023 ;16:49:36 ; 797 ; 22,4 ; 25 ;"ATC"; 1,9 ;""
02/06/2023 ;16:49:41 ; 799,3 ; 22,4 ; 25 ;"ATC"; 1,9 ;""
02/06/2023 ;16:49:46 ; 803,5 ; 22,4 ; 25 ;"ATC"; 1,9 ;""
02/06/2023 ;16:49:51 ; 808,5 ; 22,4 ; 25 ;"ATC"; 1,9 ;""
02/06/2023 ;16:49:56 ; 812,8 ; 22,4 ; 25 ;"ATC"; 1,9 ;""
02/06/2023 ;16:50:01 ; 814,3 ; 22,4 ; 25 ;"ATC"; 1,9 ;""
02/06/2023 ;16:50:06 ; 815,5 ; 22,4 ; 25 ;"ATC"; 1,9 ;""
02/06/2023 ;16:50:11 ; 819,9 ; 22,4 ; 25 ;"ATC"; 1,9 ;""
02/06/2023 ;16:50:16 ; 825,3 ; 22,4 ; 25 ;"ATC"; 1,9 ;""
02/06/2023 ;16:50:21 ; 827,5 ; 22,4 ; 25 ;"ATC"; 1,9 ;""
02/06/2023 ;16:50:26 ; 828,1 ; 22,4 ; 25 ;"ATC"; 1,9 ;""
02/06/2023 ;16:50:31 ; 828,3 ; 22,4 ; 25 ;"ATC"; 1,9 ;""
02/06/2023 ;16:50:36 ; 829,4 ; 22,4 ; 25 ;"ATC"; 1,9 ;""
02/06/2023 ;16:50:41 ; 828,9 ; 22,4 ; 25 ;"ATC"; 1,9 ;""
02/06/2023 ;16:50:46 ; 829,8 ; 22,4 ; 25 ;"ATC"; 1,9 ;""
02/06/2023 ;16:50:51 ; 830,8 ; 22,4 ; 25 ;"ATC"; 1,9 ;""
02/06/2023 ;16:50:56 ; 831,3 ; 22,4 ; 25 ;"ATC"; 1,9 ;""
02/06/2023 ;16:51:01 ; 830,7 ; 22,4 ; 25 ;"ATC"; 1,9 ;""
02/06/2023 ;16:51:06 ; 830,1 ; 22,4 ; 25 ;"ATC"; 1,9 ;""
02/06/2023 ;16:51:11 ; 831,1 ; 22,4 ; 25 ;"ATC"; 1,9 ;""
02/06/2023 ;16:51:16 ; 831 ; 22,4 ; 25 ;"ATC"; 1,9 ;""
02/06/2023 ;16:51:21 ; 831,7 ; 22,4 ; 25 ;"ATC"; 1,9 ;""
02/06/2023 ;16:51:26 ; 833 ; 22,4 ; 25 ;"ATC"; 1,9 ;""
02/06/2023 ;16:51:31 ; 837,3 ; 22,4 ; 25 ;"ATC"; 1,9 ;""
02/06/2023 ;16:51:36 ; 840,3 ; 22,4 ; 25 ;"ATC"; 1,9 ;""
02/06/2023 ;16:51:41 ; 842,4 ; 22,4 ; 25 ;"ATC"; 1,9 ;""
02/06/2023 ;16:51:46 ; 843,7 ; 22,4 ; 25 ;"ATC"; 1,9 ;""
02/06/2023 ;16:51:51 ; 845,5 ; 22,4 ; 25 ;"ATC"; 1,9 ;""
02/06/2023 ;16:51:56 ; 847,4 ; 22,4 ; 25 ;"ATC"; 1,9 ;""
02/06/2023 ;16:52:01 ; 847 ; 22,4 ; 25 ;"ATC"; 1,9 ;""
02/06/2023 ;16:52:06 ; 845,9 ; 22,4 ; 25 ;"ATC"; 1,9 ;""
02/06/2023 ;16:52:11 ; 845,8 ; 22,4 ; 25 ;"ATC"; 1,9 ;""
02/06/2023 ;16:52:16 ; 846,3 ; 22,4 ; 25 ;"ATC"; 1,9 ;""
02/06/2023 ;16:52:21 ; 846,2 ; 22,4 ; 25 ;"ATC"; 1,9 ;""
02/06/2023 ;16:52:26 ; 848 ; 22,4 ; 25 ;"ATC"; 1,9 ;""
02/06/2023 ;16:52:31 ; 848,1 ; 22,4 ; 25 ;"ATC"; 1,9 ;""
02/06/2023 ;16:52:36 ; 848,5 ; 22,4 ; 25 ;"ATC"; 1,9 ;""
02/06/2023 ;16:52:41 ; 846,4 ; 22,4 ; 25 ;"ATC"; 1,9 ;""
02/06/2023 ;16:52:46 ; 851,1 ; 22,4 ; 25 ;"ATC"; 1,9 ;""
02/06/2023 ;16:52:51 ; 851,6 ; 22,4 ; 25 ;"ATC"; 1,9 ;""
02/06/2023 ;16:52:56 ; 857,4 ; 22,4 ; 25 ;"ATC"; 1,9 ;""
02/06/2023 ;16:53:01 ; 860,5 ; 22,4 ; 25 ;"ATC"; 1,9 ;""
02/06/2023 ;16:53:06 ; 858,9 ; 22,4 ; 25 ;"ATC"; 1,9 ;""
02/06/2023 ;16:53:11 ; 860,1 ; 22,4 ; 25 ;"ATC"; 1,9 ;""
02/06/2023 ;16:53:16 ; 860,2 ; 22,4 ; 25 ;"ATC"; 1,9 ;""
02/06/2023 ;16:53:21 ; 860,5 ; 22,4 ; 25 ;"ATC"; 1,9 ;""
02/06/2023 ;16:53:26 ; 857 ; 22,4 ; 25 ;"ATC"; 1,9 ;""
02/06/2023 ;16:53:31 ; 857 ; 22,4 ; 25 ;"ATC"; 1,9 ;""
02/06/2023 ;16:53:36 ; 858,6 ; 22,4 ; 25 ;"ATC"; 1,9 ;""
02/06/2023 ;16:53:41 ; 860,3 ; 22,4 ; 25 ;"ATC"; 1,9 ;""
02/06/2023 ;16:53:46 ; 862,4 ; 22,4 ; 25 ;"ATC"; 1,9 ;""
02/06/2023 ;16:53:51 ; 862,7 ; 22,4 ; 25 ;"ATC"; 1,9 ;""
02/06/2023 ;16:53:56 ; 863 ; 22,4 ; 25 ;"ATC"; 1,9 ;""
02/06/2023 ;16:54:01 ; 863,6 ; 22,4 ; 25 ;"ATC"; 1,9 ;""
02/06/2023 ;16:54:06 ; 863,9 ; 22,4 ; 25 ;"ATC"; 1,9 ;""
02/06/2023 ;16:54:11 ; 865,3 ; 22,4 ; 25 ;"ATC"; 1,9 ;""
02/06/2023 ;16:54:16 ; 865,6 ; 22,4 ; 25 ;"ATC"; 1,9 ;""
02/06/2023 ;16:54:21 ; 866,9 ; 22,4 ; 25 ;"ATC"; 1,9 ;""
02/06/2023 ;16:54:26 ; 867,5 ; 22,4 ; 25 ;"ATC"; 1,9 ;""
02/06/2023 ;16:54:31 ; 868,4 ; 22,4 ; 25 ;"ATC"; 1,9 ;""
02/06/2023 ;16:54:36 ; 866,8 ; 22,4 ; 25 ;"ATC"; 1,9 ;""
02/06/2023 ;16:54:41 ; 861,4 ; 22,4 ; 25 ;"ATC"; 1,9 ;""
02/06/2023 ;16:54:46 ; 861,9 ; 22,4 ; 25 ;"ATC"; 1,9 ;""
02/06/2023 ;16:54:51 ; 864,7 ; 22,4 ; 25 ;"ATC"; 1,9 ;""
02/06/2023 ;16:54:56 ; 867,7 ; 22,4 ; 25 ;"ATC"; 1,9 ;""
02/06/2023 ;16:55:01 ; 870 ; 22,4 ; 25 ;"ATC"; 1,9 ;""
02/06/2023 ;16:55:06 ; 871,2 ; 22,4 ; 25 ;"ATC"; 1,9 ;""
02/06/2023 ;16:55:11 ; 872,2 ; 22,4 ; 25 ;"ATC"; 1,9 ;""
02/06/2023 ;16:55:16 ; 871,5 ; 22,4 ; 25 ;"ATC"; 1,9 ;""
02/06/2023 ;16:55:21 ; 872,7 ; 22,4 ; 25 ;"ATC"; 1,9 ;""
02/06/2023 ;16:55:26 ; 874,8 ; 22,4 ; 25 ;"ATC"; 1,9 ;""
02/06/2023 ;16:55:31 ; 876,4 ; 22,4 ; 25 ;"ATC"; 1,9 ;""
02/06/2023 ;16:55:36 ; 877,7 ; 22,4 ; 25 ;"ATC"; 1,9 ;""
02/06/2023 ;16:55:41 ; 879,7 ; 22,4 ; 25 ;"ATC"; 1,9 ;""
02/06/2023 ;16:55:46 ; 882,3 ; 22,4 ; 25 ;"ATC"; 1,9 ;""
02/06/2023 ;16:55:51 ; 883,1 ; 22,4 ; 25 ;"ATC"; 1,9 ;""
02/06/2023 ;16:55:56 ; 877,8 ; 22,4 ; 25 ;"ATC"; 1,9 ;""
02/06/2023 ;16:56:01 ; 877,7 ; 22,4 ; 25 ;"ATC"; 1,9 ;""
02/06/2023 ;16:56:06 ; 878,3 ; 22,4 ; 25 ;"ATC"; 1,9 ;""
02/06/2023 ;16:56:11 ; 880,3 ; 22,4 ; 25 ;"ATC"; 1,9 ;""
02/06/2023 ;16:56:16 ; 882,5 ; 22,4 ; 25 ;"ATC"; 1,9 ;""
02/06/2023 ;16:56:21 ; 884,4 ; 22,4 ; 25 ;"ATC"; 1,9 ;""
02/06/2023 ;16:56:26 ; 886,7 ; 22,4 ; 25 ;"ATC"; 1,9 ;""
02/06/2023 ;16:56:31 ; 887,4 ; 22,4 ; 25 ;"ATC"; 1,9 ;""
02/06/2023 ;16:56:36 ; 882,2 ; 22,4 ; 25 ;"ATC"; 1,9 ;""
02/06/2023 ;16:56:41 ; 884,4 ; 22,4 ; 25 ;"ATC"; 1,9 ;""
02/06/2023 ;16:56:46 ; 888,7 ; 22,4 ; 25 ;"ATC"; 1,9 ;""
02/06/2023 ;16:56:51 ; 890,8 ; 22,4 ; 25 ;"ATC"; 1,9 ;""
02/06/2023 ;16:56:56 ; 892,3 ; 22,4 ; 25 ;"ATC"; 1,9 ;""
02/06/2023 ;16:57:01 ; 893,1 ; 22,4 ; 25 ;"ATC"; 1,9 ;""
02/06/2023 ;16:57:06 ; 895,8 ; 22,4 ; 25 ;"ATC"; 1,9 ;""
02/06/2023 ;16:57:11 ; 896,2 ; 22,4 ; 25 ;"ATC"; 1,9 ;""
02/06/2023 ;16:57:16 ; 894,9 ; 22,4 ; 25 ;"ATC"; 1,9 ;""
02/06/2023 ;16:57:21 ; 894 ; 22,4 ; 25 ;"ATC"; 1,9 ;""
02/06/2023 ;16:57:26 ; 898 ; 22,4 ; 25 ;"ATC"; 1,9 ;""
02/06/2023 ;16:57:31 ; 899,9 ; 22,4 ; 25 ;"ATC"; 1,9 ;""
02/06/2023 ;16:57:36 ; 901,8 ; 22,4 ; 25 ;"ATC"; 1,9 ;""
02/06/2023 ;16:57:41 ; 904,3 ; 22,4 ; 25 ;"ATC"; 1,9 ;""
02/06/2023 ;16:57:46 ; 906,2 ; 22,4 ; 25 ;"ATC"; 1,9 ;""
02/06/2023 ;16:57:51 ; 904,4 ; 22,4 ; 25 ;"ATC"; 1,9 ;""
02/06/2023 ;16:57:56 ; 899,4 ; 22,4 ; 25 ;"ATC"; 1,9 ;""
02/06/2023 ;16:58:01 ; 900 ; 22,4 ; 25 ;"ATC"; 1,9 ;""
02/06/2023 ;16:58:06 ; 902 ; 22,4 ; 25 ;"ATC"; 1,9 ;""
02/06/2023 ;16:58:11 ; 905,3 ; 22,4 ; 25 ;"ATC"; 1,9 ;""
02/06/2023 ;16:58:16 ; 907,7 ; 22,4 ; 25 ;"ATC"; 1,9 ;""
02/06/2023 ;16:58:21 ; 909,9 ; 22,4 ; 25 ;"ATC"; 1,9 ;""
02/06/2023 ;16:58:26 ; 910,4 ; 22,4 ; 25 ;"ATC"; 1,9 ;""
02/06/2023 ;16:58:31 ; 911 ; 22,4 ; 25 ;"ATC"; 1,9 ;""
02/06/2023 ;16:58:36 ; 909,8 ; 22,4 ; 25 ;"ATC"; 1,9 ;""
02/06/2023 ;16:58:41 ; 907,4 ; 22,4 ; 25 ;"ATC"; 1,9 ;""
02/06/2023 ;16:58:46 ; 911,1 ; 22,4 ; 25 ;"ATC"; 1,9 ;""
02/06/2023 ;16:58:51 ; 912,7 ; 22,4 ; 25 ;"ATC"; 1,9 ;""
02/06/2023 ;16:58:56 ; 912,8 ; 22,4 ; 25 ;"ATC"; 1,9 ;""
02/06/2023 ;16:59:01 ; 913,1 ; 22,4 ; 25 ;"ATC"; 1,9 ;""
02/06/2023 ;16:59:06 ; 912,4 ; 22,4 ; 25 ;"ATC"; 1,9 ;""
02/06/2023 ;16:59:11 ; 911,4 ; 22,4 ; 25 ;"ATC"; 1,9 ;""
02/06/2023 ;16:59:16 ; 911,2 ; 22,4 ; 25 ;"ATC"; 1,9 ;""
02/06/2023 ;16:59:21 ; 911,2 ; 22,4 ; 25 ;"ATC"; 1,9 ;""
02/06/2023 ;16:59:26 ; 911,3 ; 22,4 ; 25 ;"ATC"; 1,9 ;""
02/06/2023 ;16:59:31 ; 913 ; 22,4 ; 25 ;"ATC"; 1,9 ;""
02/06/2023 ;16:59:36 ; 916,3 ; 22,4 ; 25 ;"ATC"; 1,9 ;""
02/06/2023 ;16:59:41 ; 916,6 ; 22,4 ; 25 ;"ATC"; 1,9 ;""
02/06/2023 ;16:59:46 ; 913,5 ; 22,4 ; 25 ;"ATC"; 1,9 ;""
02/06/2023 ;16:59:51 ; 915,7 ; 22,4 ; 25 ;"ATC"; 1,9 ;""
02/06/2023 ;16:59:56 ; 913,8 ; 22,4 ; 25 ;"ATC"; 1,9 ;""
02/06/2023 ;17:00:01 ; 910,8 ; 22,4 ; 25 ;"ATC"; 1,9 ;""
02/06/2023 ;17:00:06 ; 912,3 ; 22,4 ; 25 ;"ATC"; 1,9 ;""
02/06/2023 ;17:00:11 ; 916,2 ; 22,4 ; 25 ;"ATC"; 1,9 ;""
02/06/2023 ;17:00:16 ; 916,1 ; 22,4 ; 25 ;"ATC"; 1,9 ;""
02/06/2023 ;17:00:21 ; 916,9 ; 22,4 ; 25 ;"ATC"; 1,9 ;""
02/06/2023 ;17:00:26 ; 923,2 ; 22,4 ; 25 ;"ATC"; 1,9 ;""
02/06/2023 ;17:00:31 ; 925,5 ; 22,4 ; 25 ;"ATC"; 1,9 ;""
02/06/2023 ;17:00:36 ; 927,6 ; 22,4 ; 25 ;"ATC"; 1,9 ;""
02/06/2023 ;17:00:41 ; 923,4 ; 22,4 ; 25 ;"ATC"; 1,9 ;""
02/06/2023 ;17:00:46 ; 925,2 ; 22,4 ; 25 ;"ATC"; 1,9 ;""
02/06/2023 ;17:00:51 ; 929,2 ; 22,4 ; 25 ;"ATC"; 1,9 ;""
02/06/2023 ;17:00:56 ; 930,7 ; 22,4 ; 25 ;"ATC"; 1,9 ;""
02/06/2023 ;17:01:01 ; 932,5 ; 22,4 ; 25 ;"ATC"; 1,9 ;""
02/06/2023 ;17:01:06 ; 933,4 ; 22,4 ; 25 ;"ATC"; 1,9 ;""
02/06/2023 ;17:01:11 ; 935,3 ; 22,4 ; 25 ;"ATC"; 1,9 ;""
02/06/2023 ;17:01:16 ; 936 ; 22,4 ; 25 ;"ATC"; 1,9 ;""
02/06/2023 ;17:01:21 ; 930,2 ; 22,4 ; 25 ;"ATC"; 1,9 ;""
02/06/2023 ;17:01:26 ; 926,9 ; 22,4 ; 25 ;"ATC"; 1,9 ;""
02/06/2023 ;17:01:31 ; 928,8 ; 22,4 ; 25 ;"ATC"; 1,9 ;""
02/06/2023 ;17:01:36 ; 927,4 ; 22,4 ; 25 ;"ATC"; 1,9 ;""
02/06/2023 ;17:01:41 ; 930,2 ; 22,4 ; 25 ;"ATC"; 1,9 ;""
02/06/2023 ;17:01:46 ; 931,8 ; 22,4 ; 25 ;"ATC"; 1,9 ;""
02/06/2023 ;17:01:51 ; 933,4 ; 22,4 ; 25 ;"ATC"; 1,9 ;""
02/06/2023 ;17:01:56 ; 933,6 ; 22,4 ; 25 ;"ATC"; 1,9 ;""
02/06/2023 ;17:02:01 ; 932,7 ; 22,4 ; 25 ;"ATC"; 1,9 ;""
02/06/2023 ;17:02:06 ; 930,1 ; 22,4 ; 25 ;"ATC"; 1,9 ;""
02/06/2023 ;17:02:11 ; 929,7 ; 22,4 ; 25 ;"ATC"; 1,9 ;""
02/06/2023 ;17:02:16 ; 933,2 ; 22,4 ; 25 ;"ATC"; 1,9 ;""
02/06/2023 ;17:02:21 ; 934,3 ; 22,4 ; 25 ;"ATC"; 1,9 ;""
02/06/2023 ;17:02:26 ; 934,2 ; 22,4 ; 25 ;"ATC"; 1,9 ;""
02/06/2023 ;17:02:31 ; 934,3 ; 22,4 ; 25 ;"ATC"; 1,9 ;""
02/06/2023 ;17:02:36 ; 933,3 ; 22,4 ; 25 ;"ATC"; 1,9 ;""
02/06/2023 ;17:02:41 ; 931,2 ; 22,4 ; 25 ;"ATC"; 1,9 ;""
02/06/2023 ;17:02:46 ; 930,4 ; 22,4 ; 25 ;"ATC"; 1,9 ;""
02/06/2023 ;17:02:51 ; 932,2 ; 22,4 ; 25 ;"ATC"; 1,9 ;""
02/06/2023 ;17:02:56 ; 935 ; 22,4 ; 25 ;"ATC"; 1,9 ;""
02/06/2023 ;17:03:01 ; 936,8 ; 22,4 ; 25 ;"ATC"; 1,9 ;""
02/06/2023 ;17:03:06 ; 936,6 ; 22,4 ; 25 ;"ATC"; 1,9 ;""
02/06/2023 ;17:03:11 ; 936 ; 22,4 ; 25 ;"ATC"; 1,9 ;""
02/06/2023 ;17:03:16 ; 934 ; 22,4 ; 25 ;"ATC"; 1,9 ;""
02/06/2023 ;17:03:21 ; 930,5 ; 22,4 ; 25 ;"ATC"; 1,9 ;""
02/06/2023 ;17:03:26 ; 931,7 ; 22,4 ; 25 ;"ATC"; 1,9 ;""
02/06/2023 ;17:03:31 ; 934,5 ; 22,4 ; 25 ;"ATC"; 1,9 ;""
02/06/2023 ;17:03:36 ; 936,5 ; 22,3 ; 25 ;"ATC"; 1,9 ;""
02/06/2023 ;17:03:41 ; 938,4 ; 22,3 ; 25 ;"ATC"; 1,9 ;""
02/06/2023 ;17:03:46 ; 938,3 ; 22,3 ; 25 ;"ATC"; 1,9 ;""
02/06/2023 ;17:03:51 ; 936,4 ; 22,4 ; 25 ;"ATC"; 1,9 ;""
02/06/2023 ;17:03:56 ; 932,3 ; 22,4 ; 25 ;"ATC"; 1,9 ;""
02/06/2023 ;17:04:01 ; 932,7 ; 22,4 ; 25 ;"ATC"; 1,9 ;""
02/06/2023 ;17:04:06 ; 935 ; 22,4 ; 25 ;"ATC"; 1,9 ;""
02/06/2023 ;17:04:11 ; 935,3 ; 22,4 ; 25 ;"ATC"; 1,9 ;""
02/06/2023 ;17:04:16 ; 936,4 ; 22,4 ; 25 ;"ATC"; 1,9 ;""
02/06/2023 ;17:04:21 ; 936,9 ; 22,4 ; 25 ;"ATC"; 1,9 ;""
02/06/2023 ;17:04:26 ; 938,7 ; 22,3 ; 25 ;"ATC"; 1,9 ;""
02/06/2023 ;17:04:31 ; 936,2 ; 22,4 ; 25 ;"ATC"; 1,9 ;""
02/06/2023 ;17:04:36 ; 936,2 ; 22,4 ; 25 ;"ATC"; 1,9 ;""
02/06/2023 ;17:04:41 ; 935 ; 22,4 ; 25 ;"ATC"; 1,9 ;""
02/06/2023 ;17:04:46 ; 934,4 ; 22,4 ; 25 ;"ATC"; 1,9 ;""
02/06/2023 ;17:04:51 ; 935,8 ; 22,4 ; 25 ;"ATC"; 1,9 ;""
02/06/2023 ;17:04:56 ; 938,5 ; 22,4 ; 25 ;"ATC"; 1,9 ;""
02/06/2023 ;17:05:01 ; 939,7 ; 22,3 ; 25 ;"ATC"; 1,9 ;""
02/06/2023 ;17:05:06 ; 940,8 ; 22,3 ; 25 ;"ATC"; 1,9 ;""
02/06/2023 ;17:05:11 ; 939,3 ; 22,3 ; 25 ;"ATC"; 1,9 ;""
02/06/2023 ;17:05:16 ; 939 ; 22,3 ; 25 ;"ATC"; 1,9 ;""
02/06/2023 ;17:05:21 ; 938,2 ; 22,3 ; 25 ;"ATC"; 1,9 ;""
02/06/2023 ;17:05:26 ; 938,7 ; 22,3 ; 25 ;"ATC"; 1,9 ;""
02/06/2023 ;17:05:31 ; 937,4 ; 22,3 ; 25 ;"ATC"; 1,9 ;""
02/06/2023 ;17:05:36 ; 935,1 ; 22,3 ; 25 ;"ATC"; 1,9 ;""
02/06/2023 ;17:05:41 ; 938,2 ; 22,3 ; 25 ;"ATC"; 1,9 ;""
02/06/2023 ;17:05:46 ; 938,2 ; 22,3 ; 25 ;"ATC"; 1,9 ;""
02/06/2023 ;17:05:51 ; 939,3 ; 22,3 ; 25 ;"ATC"; 1,9 ;""
02/06/2023 ;17:05:56 ; 940,6 ; 22,3 ; 25 ;"ATC"; 1,9 ;""
02/06/2023 ;17:06:01 ; 941 ; 22,3 ; 25 ;"ATC"; 1,9 ;""
02/06/2023 ;17:06:06 ; 941,4 ; 22,3 ; 25 ;"ATC"; 1,9 ;""
02/06/2023 ;17:06:11 ; 942,2 ; 22,3 ; 25 ;"ATC"; 1,9 ;""
02/06/2023 ;17:06:16 ; 942,3 ; 22,3 ; 25 ;"ATC"; 1,9 ;""
02/06/2023 ;17:06:21 ; 942,2 ; 22,3 ; 25 ;"ATC"; 1,9 ;""
02/06/2023 ;17:06:26 ; 940,3 ; 22,3 ; 25 ;"ATC"; 1,9 ;""
02/06/2023 ;17:06:31 ; 939,9 ; 22,3 ; 25 ;"ATC"; 1,9 ;""
02/06/2023 ;17:06:36 ; 940,8 ; 22,3 ; 25 ;"ATC"; 1,9 ;""
02/06/2023 ;17:06:41 ; 941,7 ; 22,3 ; 25 ;"ATC"; 1,9 ;""
02/06/2023 ;17:06:46 ; 940 ; 22,3 ; 25 ;"ATC"; 1,9 ;""
02/06/2023 ;17:06:51 ; 939 ; 22,3 ; 25 ;"ATC"; 1,9 ;""
02/06/2023 ;17:06:56 ; 939,8 ; 22,3 ; 25 ;"ATC"; 1,9 ;""
02/06/2023 ;17:07:01 ; 943,5 ; 22,3 ; 25 ;"ATC"; 1,9 ;""
02/06/2023 ;17:07:06 ; 944,5 ; 22,3 ; 25 ;"ATC"; 1,9 ;""
02/06/2023 ;17:07:11 ; 945,8 ; 22,3 ; 25 ;"ATC"; 1,9 ;""
02/06/2023 ;17:07:16 ; 945,9 ; 22,3 ; 25 ;"ATC"; 1,9 ;""
02/06/2023 ;17:07:21 ; 945,1 ; 22,3 ; 25 ;"ATC"; 1,9 ;""
02/06/2023 ;17:07:26 ; 943,2 ; 22,3 ; 25 ;"ATC"; 1,9 ;""
02/06/2023 ;17:07:31 ; 943,1 ; 22,3 ; 25 ;"ATC"; 1,9 ;""
02/06/2023 ;17:07:36 ; 943,3 ; 22,3 ; 25 ;"ATC"; 1,9 ;""
02/06/2023 ;17:07:41 ; 944,1 ; 22,3 ; 25 ;"ATC"; 1,9 ;""
02/06/2023 ;17:07:46 ; 943,9 ; 22,3 ; 25 ;"ATC"; 1,9 ;""
02/06/2023 ;17:07:51 ; 943,6 ; 22,3 ; 25 ;"ATC"; 1,9 ;""
02/06/2023 ;17:07:56 ; 943,5 ; 22,3 ; 25 ;"ATC"; 1,9 ;""
02/06/2023 ;17:08:01 ; 943,2 ; 22,3 ; 25 ;"ATC"; 1,9 ;""
02/06/2023 ;17:08:06 ; 943,2 ; 22,3 ; 25 ;"ATC"; 1,9 ;""
02/06/2023 ;17:08:11 ; 941,4 ; 22,3 ; 25 ;"ATC"; 1,9 ;""
02/06/2023 ;17:08:16 ; 940,7 ; 22,3 ; 25 ;"ATC"; 1,9 ;""
02/06/2023 ;17:08:21 ; 942,9 ; 22,3 ; 25 ;"ATC"; 1,9 ;""
02/06/2023 ;17:08:26 ; 944,9 ; 22,3 ; 25 ;"ATC"; 1,9 ;""
02/06/2023 ;17:08:31 ; 944,1 ; 22,3 ; 25 ;"ATC"; 1,9 ;""
02/06/2023 ;17:08:36 ; 944,4 ; 22,3 ; 25 ;"ATC"; 1,9 ;""
02/06/2023 ;17:08:41 ; 945 ; 22,3 ; 25 ;"ATC"; 1,9 ;""
02/06/2023 ;17:08:46 ; 943,8 ; 22,3 ; 25 ;"ATC"; 1,9 ;""
02/06/2023 ;17:08:51 ; 942,2 ; 22,3 ; 25 ;"ATC"; 1,9 ;""
02/06/2023 ;17:08:56 ; 942,1 ; 22,3 ; 25 ;"ATC"; 1,9 ;""
02/06/2023 ;17:09:01 ; 942,9 ; 22,3 ; 25 ;"ATC"; 1,9 ;""
02/06/2023 ;17:09:06 ; 945,5 ; 22,3 ; 25 ;"ATC"; 1,9 ;""
02/06/2023 ;17:09:11 ; 947,6 ; 22,3 ; 25 ;"ATC"; 1,9 ;""
02/06/2023 ;17:09:16 ; 947,9 ; 22,3 ; 25 ;"ATC"; 1,9 ;""
02/06/2023 ;17:09:21 ; 948 ; 22,3 ; 25 ;"ATC"; 1,9 ;""
02/06/2023 ;17:09:26 ; 946,6 ; 22,3 ; 25 ;"ATC"; 1,9 ;""
02/06/2023 ;17:09:31 ; 945,4 ; 22,3 ; 25 ;"ATC"; 1,9 ;""
02/06/2023 ;17:09:36 ; 944,7 ; 22,3 ; 25 ;"ATC"; 1,9 ;""
02/06/2023 ;17:09:41 ; 945 ; 22,3 ; 25 ;"ATC"; 1,9 ;""
02/06/2023 ;17:09:46 ; 946,4 ; 22,3 ; 25 ;"ATC"; 1,9 ;""
02/06/2023 ;17:09:51 ; 945,5 ; 22,3 ; 25 ;"ATC"; 1,9 ;""
02/06/2023 ;17:09:56 ; 945,4 ; 22,3 ; 25 ;"ATC"; 1,9 ;""
02/06/2023 ;17:10:01 ; 945,5 ; 22,3 ; 25 ;"ATC"; 1,9 ;""
02/06/2023 ;17:10:06 ; 945,4 ; 22,3 ; 25 ;"ATC"; 1,9 ;""
02/06/2023 ;17:10:11 ; 946,3 ; 22,3 ; 25 ;"ATC"; 1,9 ;""
02/06/2023 ;17:10:16 ; 946,9 ; 22,3 ; 25 ;"ATC"; 1,9 ;""
02/06/2023 ;17:10:21 ; 945,6 ; 22,3 ; 25 ;"ATC"; 1,9 ;""
02/06/2023 ;17:10:26 ; 945,2 ; 22,3 ; 25 ;"ATC"; 1,9 ;""
02/06/2023 ;17:10:31 ; 945,7 ; 22,3 ; 25 ;"ATC"; 1,9 ;""
02/06/2023 ;17:10:36 ; 948,3 ; 22,3 ; 25 ;"ATC"; 1,9 ;""
02/06/2023 ;17:10:41 ; 948,8 ; 22,3 ; 25 ;"ATC"; 1,9 ;""
02/06/2023 ;17:10:46 ; 948,9 ; 22,3 ; 25 ;"ATC"; 1,9 ;""
02/06/2023 ;17:10:51 ; 949,8 ; 22,3 ; 25 ;"ATC"; 1,9 ;""
02/06/2023 ;17:10:56 ; 949,8 ; 22,3 ; 25 ;"ATC"; 1,9 ;""
02/06/2023 ;17:11:01 ; 947,7 ; 22,3 ; 25 ;"ATC"; 1,9 ;""
02/06/2023 ;17:11:06 ; 944,5 ; 22,3 ; 25 ;"ATC"; 1,9 ;""
02/06/2023 ;17:11:11 ; 945,8 ; 22,3 ; 25 ;"ATC"; 1,9 ;""
02/06/2023 ;17:11:16 ; 946,8 ; 22,3 ; 25 ;"ATC"; 1,9 ;""
02/06/2023 ;17:11:21 ; 947,9 ; 22,3 ; 25 ;"ATC"; 1,9 ;""
02/06/2023 ;17:11:26 ; 948,1 ; 22,3 ; 25 ;"ATC"; 1,9 ;""
02/06/2023 ;17:11:31 ; 946,8 ; 22,3 ; 25 ;"ATC"; 1,9 ;""
02/06/2023 ;17:11:36 ; 944,8 ; 22,3 ; 25 ;"ATC"; 1,9 ;""
02/06/2023 ;17:11:41 ; 942,8 ; 22,3 ; 25 ;"ATC"; 1,9 ;""
02/06/2023 ;17:11:46 ; 943,4 ; 22,3 ; 25 ;"ATC"; 1,9 ;""
02/06/2023 ;17:11:51 ; 946,8 ; 22,3 ; 25 ;"ATC"; 1,9 ;""
02/06/2023 ;17:11:56 ; 946,7 ; 22,3 ; 25 ;"ATC"; 1,9 ;""
02/06/2023 ;17:12:01 ; 947,3 ; 22,3 ; 25 ;"ATC"; 1,9 ;""
02/06/2023 ;17:12:06 ; 946,6 ; 22,3 ; 25 ;"ATC"; 1,9 ;""
02/06/2023 ;17:12:11 ; 945 ; 22,3 ; 25 ;"ATC"; 1,9 ;""
02/06/2023 ;17:12:16 ; 943,9 ; 22,3 ; 25 ;"ATC"; 1,9 ;""
02/06/2023 ;17:12:21 ; 946,5 ; 22,3 ; 25 ;"ATC"; 1,9 ;""
02/06/2023 ;17:12:26 ; 946,4 ; 22,3 ; 25 ;"ATC"; 1,9 ;""
02/06/2023 ;17:12:31 ; 945,9 ; 22,3 ; 25 ;"ATC"; 1,9 ;""
02/06/2023 ;17:12:36 ; 947,1 ; 22,3 ; 25 ;"ATC"; 1,9 ;""
02/06/2023 ;17:12:41 ; 949 ; 22,3 ; 25 ;"ATC"; 1,9 ;""
02/06/2023 ;17:12:46 ; 949,1 ; 22,3 ; 25 ;"ATC"; 1,9 ;""
02/06/2023 ;17:12:51 ; 947,9 ; 22,3 ; 25 ;"ATC"; 1,9 ;""
02/06/2023 ;17:12:56 ; 947,9 ; 22,3 ; 25 ;"ATC"; 1,9 ;""
02/06/2023 ;17:13:01 ; 947,3 ; 22,3 ; 25 ;"ATC"; 1,9 ;""
02/06/2023 ;17:13:06 ; 948,1 ; 22,3 ; 25 ;"ATC"; 1,9 ;""
02/06/2023 ;17:13:11 ; 949,2 ; 22,3 ; 25 ;"ATC"; 1,9 ;""
02/06/2023 ;17:13:16 ; 949 ; 22,3 ; 25 ;"ATC"; 1,9 ;""
02/06/2023 ;17:13:21 ; 949,6 ; 22,3 ; 25 ;"ATC"; 1,9 ;""
02/06/2023 ;17:13:26 ; 949 ; 22,3 ; 25 ;"ATC"; 1,9 ;""
02/06/2023 ;17:13:31 ; 948,4 ; 22,3 ; 25 ;"ATC"; 1,9 ;""
02/06/2023 ;17:13:36 ; 946 ; 22,3 ; 25 ;"ATC"; 1,9 ;""
02/06/2023 ;17:13:41 ; 943,8 ; 22,3 ; 25 ;"ATC"; 1,9 ;""
02/06/2023 ;17:13:46 ; 942,2 ; 22,3 ; 25 ;"ATC"; 1,9 ;""
02/06/2023 ;17:13:51 ; 944 ; 22,3 ; 25 ;"ATC"; 1,9 ;""
02/06/2023 ;17:13:56 ; 945,7 ; 22,3 ; 25 ;"ATC"; 1,9 ;""
02/06/2023 ;17:14:01 ; 946,1 ; 22,3 ; 25 ;"ATC"; 1,9 ;""
02/06/2023 ;17:14:06 ; 946,3 ; 22,3 ; 25 ;"ATC"; 1,9 ;""
02/06/2023 ;17:14:11 ; 945,7 ; 22,3 ; 25 ;"ATC"; 1,9 ;""
02/06/2023 ;17:14:16 ; 943,4 ; 22,3 ; 25 ;"ATC"; 1,9 ;""
02/06/2023 ;17:14:21 ; 942,4 ; 22,3 ; 25 ;"ATC"; 1,9 ;""
02/06/2023 ;17:14:26 ; 943,6 ; 22,3 ; 25 ;"ATC"; 1,9 ;""
02/06/2023 ;17:14:31 ; 944,6 ; 22,3 ; 25 ;"ATC"; 1,9 ;""
02/06/2023 ;17:14:36 ; 944,7 ; 22,3 ; 25 ;"ATC"; 1,9 ;""
02/06/2023 ;17:14:41 ; 945,5 ; 22,3 ; 25 ;"ATC"; 1,9 ;""
02/06/2023 ;17:14:46 ; 946,1 ; 22,3 ; 25 ;"ATC"; 1,9 ;""
02/06/2023 ;17:14:51 ; 945,4 ; 22,3 ; 25 ;"ATC"; 1,9 ;""
02/06/2023 ;17:14:56 ; 944 ; 22,3 ; 25 ;"ATC"; 1,9 ;""
02/06/2023 ;17:15:01 ; 945,3 ; 22,3 ; 25 ;"ATC"; 1,9 ;""
02/06/2023 ;17:15:06 ; 946,6 ; 22,3 ; 25 ;"ATC"; 1,9 ;""
02/06/2023 ;17:15:11 ; 948,5 ; 22,3 ; 25 ;"ATC"; 1,9 ;""
02/06/2023 ;17:15:16 ; 948,2 ; 22,3 ; 25 ;"ATC"; 1,9 ;""
02/06/2023 ;17:15:21 ; 948,7 ; 22,3 ; 25 ;"ATC"; 1,9 ;""
02/06/2023 ;17:15:26 ; 948,1 ; 22,3 ; 25 ;"ATC"; 1,9 ;""
02/06/2023 ;17:15:31 ; 947,9 ; 22,3 ; 25 ;"ATC"; 1,9 ;""
02/06/2023 ;17:15:36 ; 947,9 ; 22,3 ; 25 ;"ATC"; 1,9 ;""
02/06/2023 ;17:15:41 ; 948,7 ; 22,3 ; 25 ;"ATC"; 1,9 ;""
02/06/2023 ;17:15:46 ; 949,6 ; 22,3 ; 25 ;"ATC"; 1,9 ;""
02/06/2023 ;17:15:51 ; 950,7 ; 22,3 ; 25 ;"ATC"; 1,9 ;""
02/06/2023 ;17:15:56 ; 951,3 ; 22,3 ; 25 ;"ATC"; 1,9 ;""
02/06/2023 ;17:16:01 ; 951,3 ; 22,3 ; 25 ;"ATC"; 1,9 ;""
02/06/2023 ;17:16:06 ; 951,5 ; 22,3 ; 25 ;"ATC"; 1,9 ;""
02/06/2023 ;17:16:11 ; 949,1 ; 22,3 ; 25 ;"ATC"; 1,9 ;""
02/06/2023 ;17:16:16 ; 947,6 ; 22,3 ; 25 ;"ATC"; 1,9 ;""
02/06/2023 ;17:16:21 ; 948,2 ; 22,3 ; 25 ;"ATC"; 1,9 ;""
02/06/2023 ;17:16:26 ; 949 ; 22,3 ; 25 ;"ATC"; 1,9 ;""
02/06/2023 ;17:16:31 ; 950,6 ; 22,3 ; 25 ;"ATC"; 1,9 ;""
02/06/2023 ;17:16:36 ; 951,7 ; 22,3 ; 25 ;"ATC"; 1,9 ;""
02/06/2023 ;17:16:41 ; 951,9 ; 22,3 ; 25 ;"ATC"; 1,9 ;""
02/06/2023 ;17:16:46 ; 951,9 ; 22,3 ; 25 ;"ATC"; 1,9 ;""
02/06/2023 ;17:16:51 ; 952 ; 22,3 ; 25 ;"ATC"; 1,9 ;""
02/06/2023 ;17:16:56 ; 950,4 ; 22,3 ; 25 ;"ATC"; 1,9 ;""
02/06/2023 ;17:17:01 ; 948,8 ; 22,3 ; 25 ;"ATC"; 1,9 ;""
02/06/2023 ;17:17:06 ; 949,6 ; 22,3 ; 25 ;"ATC"; 1,9 ;""
02/06/2023 ;17:17:11 ; 949,8 ; 22,3 ; 25 ;"ATC"; 1,9 ;""
02/06/2023 ;17:17:16 ; 951,2 ; 22,3 ; 25 ;"ATC"; 1,9 ;""
02/06/2023 ;17:17:21 ; 950,1 ; 22,3 ; 25 ;"ATC"; 1,9 ;""
02/06/2023 ;17:17:26 ; 948,5 ; 22,3 ; 25 ;"ATC"; 1,9 ;""
02/06/2023 ;17:17:31 ; 947,1 ; 22,3 ; 25 ;"ATC"; 1,9 ;""
02/06/2023 ;17:17:36 ; 945,7 ; 22,3 ; 25 ;"ATC"; 1,9 ;""
02/06/2023 ;17:17:41 ; 945,1 ; 22,3 ; 25 ;"ATC"; 1,9 ;""
02/06/2023 ;17:17:46 ; 944,6 ; 22,3 ; 25 ;"ATC"; 1,9 ;""
02/06/2023 ;17:17:51 ; 942,8 ; 22,3 ; 25 ;"ATC"; 1,9 ;""
02/06/2023 ;17:17:56 ; 945,7 ; 22,3 ; 25 ;"ATC"; 1,9 ;""
02/06/2023 ;17:18:01 ; 947,3 ; 22,3 ; 25 ;"ATC"; 1,9 ;""
02/06/2023 ;17:18:06 ; 948,6 ; 22,3 ; 25 ;"ATC"; 1,9 ;""
02/06/2023 ;17:18:11 ; 946,4 ; 22,3 ; 25 ;"ATC"; 1,9 ;""
02/06/2023 ;17:18:16 ; 945,3 ; 22,3 ; 25 ;"ATC"; 1,9 ;""
02/06/2023 ;17:18:21 ; 946 ; 22,3 ; 25 ;"ATC"; 1,9 ;""
02/06/2023 ;17:18:26 ; 946,2 ; 22,3 ; 25 ;"ATC"; 1,9 ;""
02/06/2023 ;17:18:31 ; 947 ; 22,3 ; 25 ;"ATC"; 1,9 ;""
02/06/2023 ;17:18:36 ; 947,8 ; 22,3 ; 25 ;"ATC"; 1,9 ;""
02/06/2023 ;17:18:41 ; 946,7 ; 22,3 ; 25 ;"ATC"; 1,9 ;""
02/06/2023 ;17:18:46 ; 945,5 ; 22,3 ; 25 ;"ATC"; 1,9 ;""
02/06/2023 ;17:18:51 ; 946,3 ; 22,3 ; 25 ;"ATC"; 1,9 ;""
02/06/2023 ;17:18:56 ; 948,4 ; 22,3 ; 25 ;"ATC"; 1,9 ;""
02/06/2023 ;17:19:01 ; 949,7 ; 22,3 ; 25 ;"ATC"; 1,9 ;""
02/06/2023 ;17:19:06 ; 951 ; 22,3 ; 25 ;"ATC"; 1,9 ;""
02/06/2023 ;17:19:11 ; 951,4 ; 22,3 ; 25 ;"ATC"; 1,9 ;""
02/06/2023 ;17:19:16 ; 952,7 ; 22,3 ; 25 ;"ATC"; 1,9 ;""
02/06/2023 ;17:19:21 ; 953,5 ; 22,3 ; 25 ;"ATC"; 1,9 ;""
02/06/2023 ;17:19:26 ; 953,1 ; 22,3 ; 25 ;"ATC"; 1,9 ;""
02/06/2023 ;17:19:31 ; 951,8 ; 22,3 ; 25 ;"ATC"; 1,9 ;""
02/06/2023 ;17:19:36 ; 951,2 ; 22,3 ; 25 ;"ATC"; 1,9 ;""
02/06/2023 ;17:19:41 ; 951,4 ; 22,3 ; 25 ;"ATC"; 1,9 ;""
02/06/2023 ;17:19:46 ; 951,1 ; 22,3 ; 25 ;"ATC"; 1,9 ;""
02/06/2023 ;17:19:51 ; 950 ; 22,3 ; 25 ;"ATC"; 1,9 ;""
02/06/2023 ;17:19:56 ; 949,2 ; 22,3 ; 25 ;"ATC"; 1,9 ;""
02/06/2023 ;17:20:01 ; 949 ; 22,3 ; 25 ;"ATC"; 1,9 ;""
02/06/2023 ;17:20:06 ; 948,8 ; 22,3 ; 25 ;"ATC"; 1,9 ;""
02/06/2023 ;17:20:11 ; 949,5 ; 22,3 ; 25 ;"ATC"; 1,9 ;""
02/06/2023 ;17:20:16 ; 949,5 ; 22,3 ; 25 ;"ATC"; 1,9 ;""
02/06/2023 ;17:20:21 ; 949,7 ; 22,3 ; 25 ;"ATC"; 1,9 ;""
02/06/2023 ;17:20:26 ; 950 ; 22,3 ; 25 ;"ATC"; 1,9 ;""
02/06/2023 ;17:20:31 ; 951 ; 22,3 ; 25 ;"ATC"; 1,9 ;""
02/06/2023 ;17:20:36 ; 951,4 ; 22,3 ; 25 ;"ATC"; 1,9 ;""
02/06/2023 ;17:20:41 ; 950,7 ; 22,3 ; 25 ;"ATC"; 1,9 ;""
02/06/2023 ;17:20:46 ; 950,4 ; 22,3 ; 25 ;"ATC"; 1,9 ;""
02/06/2023 ;17:20:51 ; 950,5 ; 22,3 ; 25 ;"ATC"; 1,9 ;""
02/06/2023 ;17:20:56 ; 950,1 ; 22,3 ; 25 ;"ATC"; 1,9 ;""
02/06/2023 ;17:21:01 ; 948 ; 22,3 ; 25 ;"ATC"; 1,9 ;""
02/06/2023 ;17:21:06 ; 948,8 ; 22,3 ; 25 ;"ATC"; 1,9 ;""
02/06/2023 ;17:21:11 ; 950,8 ; 22,3 ; 25 ;"ATC"; 1,9 ;""
02/06/2023 ;17:21:16 ; 951,4 ; 22,3 ; 25 ;"ATC"; 1,9 ;""
02/06/2023 ;17:21:21 ; 951,4 ; 22,3 ; 25 ;"ATC"; 1,9 ;""
02/06/2023 ;17:21:26 ; 952,1 ; 22,3 ; 25 ;"ATC"; 1,9 ;""
02/06/2023 ;17:21:31 ; 951,8 ; 22,3 ; 25 ;"ATC"; 1,9 ;""
02/06/2023 ;17:21:36 ; 951,9 ; 22,3 ; 25 ;"ATC"; 1,9 ;""
02/06/2023 ;17:21:41 ; 950,2 ; 22,3 ; 25 ;"ATC"; 1,9 ;""
02/06/2023 ;17:21:46 ; 948,7 ; 22,3 ; 25 ;"ATC"; 1,9 ;""
02/06/2023 ;17:21:51 ; 950,8 ; 22,3 ; 25 ;"ATC"; 1,9 ;""
02/06/2023 ;17:21:56 ; 951,9 ; 22,3 ; 25 ;"ATC"; 1,9 ;""
02/06/2023 ;17:22:01 ; 950,9 ; 22,3 ; 25 ;"ATC"; 1,9 ;""
02/06/2023 ;17:22:06 ; 951,3 ; 22,3 ; 25 ;"ATC"; 1,9 ;""
02/06/2023 ;17:22:11 ; 952,1 ; 22,3 ; 25 ;"ATC"; 1,9 ;""
02/06/2023 ;17:22:16 ; 952,2 ; 22,3 ; 25 ;"ATC"; 1,9 ;""
02/06/2023 ;17:22:21 ; 952,6 ; 22,3 ; 25 ;"ATC"; 1,9 ;""
02/06/2023 ;17:22:26 ; 952,5 ; 22,3 ; 25 ;"ATC"; 1,9 ;""
02/06/2023 ;17:22:31 ; 952,8 ; 22,3 ; 25 ;"ATC"; 1,9 ;""
02/06/2023 ;17:22:36 ; 953 ; 22,3 ; 25 ;"ATC"; 1,9 ;""
02/06/2023 ;17:22:41 ; 952,9 ; 22,3 ; 25 ;"ATC"; 1,9 ;""
02/06/2023 ;17:22:46 ; 952,4 ; 22,3 ; 25 ;"ATC"; 1,9 ;""
02/06/2023 ;17:22:51 ; 951,9 ; 22,3 ; 25 ;"ATC"; 1,9 ;""
02/06/2023 ;17:22:56 ; 952,7 ; 22,3 ; 25 ;"ATC"; 1,9 ;""
02/06/2023 ;17:23:01 ; 953,3 ; 22,3 ; 25 ;"ATC"; 1,9 ;""
02/06/2023 ;17:23:06 ; 953,5 ; 22,3 ; 25 ;"ATC"; 1,9 ;""
02/06/2023 ;17:23:11 ; 953,5 ; 22,3 ; 25 ;"ATC"; 1,9 ;""
02/06/2023 ;17:23:16 ; 953,5 ; 22,3 ; 25 ;"ATC"; 1,9 ;""
02/06/2023 ;17:23:21 ; 953,4 ; 22,3 ; 25 ;"ATC"; 1,9 ;""
02/06/2023 ;17:23:26 ; 952,6 ; 22,3 ; 25 ;"ATC"; 1,9 ;""
02/06/2023 ;17:23:31 ; 951,8 ; 22,3 ; 25 ;"ATC"; 1,9 ;""
02/06/2023 ;17:23:36 ; 951,6 ; 22,3 ; 25 ;"ATC"; 1,9 ;""
02/06/2023 ;17:23:41 ; 951,7 ; 22,3 ; 25 ;"ATC"; 1,9 ;""
02/06/2023 ;17:23:46 ; 952,5 ; 22,3 ; 25 ;"ATC"; 1,9 ;""
02/06/2023 ;17:23:51 ; 954 ; 22,3 ; 25 ;"ATC"; 1,9 ;""
02/06/2023 ;17:23:56 ; 953,4 ; 22,3 ; 25 ;"ATC"; 1,9 ;""
02/06/2023 ;17:24:01 ; 952,9 ; 22,3 ; 25 ;"ATC"; 1,9 ;""
02/06/2023 ;17:24:06 ; 952,5 ; 22,3 ; 25 ;"ATC"; 1,9 ;""
02/06/2023 ;17:24:11 ; 950,9 ; 22,3 ; 25 ;"ATC"; 1,9 ;""
02/06/2023 ;17:24:16 ; 952,4 ; 22,3 ; 25 ;"ATC"; 1,9 ;""
02/06/2023 ;17:24:21 ; 953 ; 22,3 ; 25 ;"ATC"; 1,9 ;""
02/06/2023 ;17:24:26 ; 953,1 ; 22,3 ; 25 ;"ATC"; 1,9 ;""
02/06/2023 ;17:24:31 ; 953,5 ; 22,3 ; 25 ;"ATC"; 1,9 ;""
02/06/2023 ;17:24:36 ; 953,6 ; 22,3 ; 25 ;"ATC"; 1,9 ;""
02/06/2023 ;17:24:41 ; 953,2 ; 22,3 ; 25 ;"ATC"; 1,9 ;""
02/06/2023 ;17:24:46 ; 952,7 ; 22,3 ; 25 ;"ATC"; 1,9 ;""
02/06/2023 ;17:24:51 ; 951,9 ; 22,3 ; 25 ;"ATC"; 1,9 ;""
02/06/2023 ;17:24:56 ; 949,5 ; 22,3 ; 25 ;"ATC"; 1,9 ;""
02/06/2023 ;17:25:01 ; 951,2 ; 22,3 ; 25 ;"ATC"; 1,9 ;""
02/06/2023 ;17:25:06 ; 952,2 ; 22,3 ; 25 ;"ATC"; 1,9 ;""
02/06/2023 ;17:25:11 ; 952,7 ; 22,3 ; 25 ;"ATC"; 1,9 ;""
02/06/2023 ;17:25:16 ; 953,2 ; 22,3 ; 25 ;"ATC"; 1,9 ;""
02/06/2023 ;17:25:21 ; 953 ; 22,3 ; 25 ;"ATC"; 1,9 ;""
02/06/2023 ;17:25:26 ; 951,7 ; 22,3 ; 25 ;"ATC"; 1,9 ;""
02/06/2023 ;17:25:31 ; 950 ; 22,3 ; 25 ;"ATC"; 1,9 ;""
02/06/2023 ;17:25:36 ; 950,1 ; 22,3 ; 25 ;"ATC"; 1,9 ;""
02/06/2023 ;17:25:41 ; 950,5 ; 22,3 ; 25 ;"ATC"; 1,9 ;""
02/06/2023 ;17:25:46 ; 952,1 ; 22,3 ; 25 ;"ATC"; 1,9 ;""
02/06/2023 ;17:25:51 ; 952,2 ; 22,3 ; 25 ;"ATC"; 1,9 ;""
02/06/2023 ;17:25:56 ; 952,6 ; 22,3 ; 25 ;"ATC"; 1,9 ;""
02/06/2023 ;17:26:01 ; 951,8 ; 22,3 ; 25 ;"ATC"; 1,9 ;""
02/06/2023 ;17:26:06 ; 951,7 ; 22,3 ; 25 ;"ATC"; 1,9 ;""
02/06/2023 ;17:26:11 ; 951,7 ; 22,3 ; 25 ;"ATC"; 1,9 ;""
02/06/2023 ;17:26:16 ; 951,6 ; 22,3 ; 25 ;"ATC"; 1,9 ;""
02/06/2023 ;17:26:21 ; 952,4 ; 22,3 ; 25 ;"ATC"; 1,9 ;""
02/06/2023 ;17:26:26 ; 952 ; 22,3 ; 25 ;"ATC"; 1,9 ;""
02/06/2023 ;17:26:31 ; 952,5 ; 22,3 ; 25 ;"ATC"; 1,9 ;""
02/06/2023 ;17:26:36 ; 952 ; 22,3 ; 25 ;"ATC"; 1,9 ;""
02/06/2023 ;17:26:41 ; 951,9 ; 22,3 ; 25 ;"ATC"; 1,9 ;""
02/06/2023 ;17:26:46 ; 952,2 ; 22,3 ; 25 ;"ATC"; 1,9 ;""
02/06/2023 ;17:26:51 ; 952,5 ; 22,3 ; 25 ;"ATC"; 1,9 ;""
02/06/2023 ;17:26:56 ; 952,3 ; 22,3 ; 25 ;"ATC"; 1,9 ;""
02/06/2023 ;17:27:01 ; 951,8 ; 22,3 ; 25 ;"ATC"; 1,9 ;""
02/06/2023 ;17:27:06 ; 951,9 ; 22,3 ; 25 ;"ATC"; 1,9 ;""
02/06/2023 ;17:27:11 ; 952,5 ; 22,3 ; 25 ;"ATC"; 1,9 ;""
02/06/2023 ;17:27:16 ; 952,1 ; 22,3 ; 25 ;"ATC"; 1,9 ;""
02/06/2023 ;17:27:21 ; 952,6 ; 22,3 ; 25 ;"ATC"; 1,9 ;""
02/06/2023 ;17:27:26 ; 952,4 ; 22,3 ; 25 ;"ATC"; 1,9 ;""
02/06/2023 ;17:27:31 ; 951,8 ; 22,3 ; 25 ;"ATC"; 1,9 ;""
02/06/2023 ;17:27:36 ; 952,6 ; 22,3 ; 25 ;"ATC"; 1,9 ;""
02/06/2023 ;17:27:41 ; 952,7 ; 22,3 ; 25 ;"ATC"; 1,9 ;""
02/06/2023 ;17:27:46 ; 952,6 ; 22,3 ; 25 ;"ATC"; 1,9 ;""
02/06/2023 ;17:27:51 ; 952,8 ; 22,3 ; 25 ;"ATC"; 1,9 ;""
02/06/2023 ;17:27:56 ; 953,2 ; 22,3 ; 25 ;"ATC"; 1,9 ;""
02/06/2023 ;17:28:01 ; 953,2 ; 22,3 ; 25 ;"ATC"; 1,9 ;""
02/06/2023 ;17:28:06 ; 953 ; 22,3 ; 25 ;"ATC"; 1,9 ;""
02/06/2023 ;17:28:11 ; 952,6 ; 22,3 ; 25 ;"ATC"; 1,9 ;""
02/06/2023 ;17:28:16 ; 952,4 ; 22,3 ; 25 ;"ATC"; 1,9 ;""
02/06/2023 ;17:28:21 ; 952,7 ; 22,3 ; 25 ;"ATC"; 1,9 ;""
02/06/2023 ;17:28:26 ; 952,7 ; 22,3 ; 25 ;"ATC"; 1,9 ;""
02/06/2023 ;17:28:31 ; 953,1 ; 22,3 ; 25 ;"ATC"; 1,9 ;""
02/06/2023 ;17:28:36 ; 953,1 ; 22,3 ; 25 ;"ATC"; 1,9 ;""
02/06/2023 ;17:28:41 ; 952,5 ; 22,3 ; 25 ;"ATC"; 1,9 ;""
02/06/2023 ;17:28:46 ; 952,4 ; 22,3 ; 25 ;"ATC"; 1,9 ;""
02/06/2023 ;17:28:51 ; 952,2 ; 22,3 ; 25 ;"ATC"; 1,9 ;""
02/06/2023 ;17:28:56 ; 951,5 ; 22,3 ; 25 ;"ATC"; 1,9 ;""
02/06/2023 ;17:29:01 ; 951,5 ; 22,3 ; 25 ;"ATC"; 1,9 ;""
02/06/2023 ;17:29:06 ; 951,7 ; 22,3 ; 25 ;"ATC"; 1,9 ;""
02/06/2023 ;17:29:11 ; 951,9 ; 22,3 ; 25 ;"ATC"; 1,9 ;""
02/06/2023 ;17:29:16 ; 952 ; 22,3 ; 25 ;"ATC"; 1,9 ;""
02/06/2023 ;17:29:21 ; 951,9 ; 22,3 ; 25 ;"ATC"; 1,9 ;""
02/06/2023 ;17:29:26 ; 952,3 ; 22,3 ; 25 ;"ATC"; 1,9 ;""
02/06/2023 ;17:29:31 ; 952,5 ; 22,3 ; 25 ;"ATC"; 1,9 ;""
02/06/2023 ;17:29:36 ; 952,9 ; 22,3 ; 25 ;"ATC"; 1,9 ;""
02/06/2023 ;17:29:41 ; 953 ; 22,3 ; 25 ;"ATC"; 1,9 ;""
02/06/2023 ;17:29:46 ; 952,6 ; 22,3 ; 25 ;"ATC"; 1,9 ;""
02/06/2023 ;17:29:51 ; 952,7 ; 22,3 ; 25 ;"ATC"; 1,9 ;""
02/06/2023 ;17:29:56 ; 953,2 ; 22,3 ; 25 ;"ATC"; 1,9 ;""
02/06/2023 ;17:30:01 ; 953,2 ; 22,3 ; 25 ;"ATC"; 1,9 ;""
02/06/2023 ;17:30:06 ; 953,1 ; 22,3 ; 25 ;"ATC"; 1,9 ;""
02/06/2023 ;17:30:11 ; 953 ; 22,3 ; 25 ;"ATC"; 1,9 ;""
02/06/2023 ;17:30:16 ; 953,1 ; 22,3 ; 25 ;"ATC"; 1,9 ;""
02/06/2023 ;17:30:21 ; 953 ; 22,3 ; 25 ;"ATC"; 1,9 ;""
02/06/2023 ;17:30:26 ; 953,1 ; 22,3 ; 25 ;"ATC"; 1,9 ;""
02/06/2023 ;17:30:31 ; 952,9 ; 22,3 ; 25 ;"ATC"; 1,9 ;""
02/06/2023 ;17:30:36 ; 952,8 ; 22,3 ; 25 ;"ATC"; 1,9 ;""
02/06/2023 ;17:30:41 ; 953 ; 22,3 ; 25 ;"ATC"; 1,9 ;""
02/06/2023 ;17:30:46 ; 953,5 ; 22,3 ; 25 ;"ATC"; 1,9 ;""
02/06/2023 ;17:30:51 ; 953,5 ; 22,3 ; 25 ;"ATC"; 1,9 ;""
02/06/2023 ;17:30:56 ; 953,8 ; 22,3 ; 25 ;"ATC"; 1,9 ;""
02/06/2023 ;17:31:01 ; 953,7 ; 22,3 ; 25 ;"ATC"; 1,9 ;""
02/06/2023 ;17:31:06 ; 954 ; 22,3 ; 25 ;"ATC"; 1,9 ;""
02/06/2023 ;17:31:11 ; 953,5 ; 22,3 ; 25 ;"ATC"; 1,9 ;""
02/06/2023 ;17:31:16 ; 953,8 ; 22,3 ; 25 ;"ATC"; 1,9 ;""
02/06/2023 ;17:31:21 ; 953,1 ; 22,3 ; 25 ;"ATC"; 1,9 ;""
02/06/2023 ;17:31:26 ; 953 ; 22,3 ; 25 ;"ATC"; 1,9 ;""
02/06/2023 ;17:31:31 ; 953,5 ; 22,3 ; 25 ;"ATC"; 1,9 ;""
02/06/2023 ;17:31:36 ; 953,5 ; 22,3 ; 25 ;"ATC"; 1,9 ;""
02/06/2023 ;17:31:41 ; 953,6 ; 22,3 ; 25 ;"ATC"; 1,9 ;""
02/06/2023 ;17:31:46 ; 953,6 ; 22,3 ; 25 ;"ATC"; 1,9 ;""
02/06/2023 ;17:31:51 ; 953,2 ; 22,3 ; 25 ;"ATC"; 1,9 ;""
02/06/2023 ;17:31:56 ; 952,2 ; 22,3 ; 25 ;"ATC"; 1,9 ;""
02/06/2023 ;17:32:01 ; 951,9 ; 22,3 ; 25 ;"ATC"; 1,9 ;""
02/06/2023 ;17:32:06 ; 952,6 ; 22,3 ; 25 ;"ATC"; 1,9 ;""
02/06/2023 ;17:32:11 ; 953,1 ; 22,3 ; 25 ;"ATC"; 1,9 ;""
02/06/2023 ;17:32:16 ; 952,6 ; 22,3 ; 25 ;"ATC"; 1,9 ;""
02/06/2023 ;17:32:21 ; 952,9 ; 22,3 ; 25 ;"ATC"; 1,9 ;""
02/06/2023 ;17:32:26 ; 952,6 ; 22,3 ; 25 ;"ATC"; 1,9 ;""
02/06/2023 ;17:32:31 ; 952,3 ; 22,3 ; 25 ;"ATC"; 1,9 ;""
02/06/2023 ;17:32:36 ; 951,8 ; 22,3 ; 25 ;"ATC"; 1,9 ;""
02/06/2023 ;17:32:41 ; 952 ; 22,3 ; 25 ;"ATC"; 1,9 ;""
02/06/2023 ;17:32:46 ; 952,1 ; 22,3 ; 25 ;"ATC"; 1,9 ;""
02/06/2023 ;17:32:51 ; 952,5 ; 22,3 ; 25 ;"ATC"; 1,9 ;""
02/06/2023 ;17:32:56 ; 952,8 ; 22,3 ; 25 ;"ATC"; 1,9 ;""
02/06/2023 ;17:33:01 ; 952,3 ; 22,3 ; 25 ;"ATC"; 1,9 ;""
02/06/2023 ;17:33:06 ; 951,7 ; 22,3 ; 25 ;"ATC"; 1,9 ;""
02/06/2023 ;17:33:11 ; 950 ; 22,3 ; 25 ;"ATC"; 1,9 ;""
02/06/2023 ;17:33:16 ; 950,4 ; 22,3 ; 25 ;"ATC"; 1,9 ;""
02/06/2023 ;17:33:21 ; 950,7 ; 22,3 ; 25 ;"ATC"; 1,9 ;""
02/06/2023 ;17:33:26 ; 950,7 ; 22,3 ; 25 ;"ATC"; 1,9 ;""
02/06/2023 ;17:33:31 ; 950,9 ; 22,3 ; 25 ;"ATC"; 1,9 ;""
02/06/2023 ;17:33:36 ; 951 ; 22,3 ; 25 ;"ATC"; 1,9 ;""
02/06/2023 ;17:33:41 ; 951 ; 22,3 ; 25 ;"ATC"; 1,9 ;""
02/06/2023 ;17:33:46 ; 950,1 ; 22,3 ; 25 ;"ATC"; 1,9 ;""
02/06/2023 ;17:33:51 ; 949,2 ; 22,3 ; 25 ;"ATC"; 1,9 ;""
02/06/2023 ;17:33:56 ; 948,3 ; 22,3 ; 25 ;"ATC"; 1,9 ;""
02/06/2023 ;17:34:01 ; 949 ; 22,3 ; 25 ;"ATC"; 1,9 ;""
02/06/2023 ;17:34:06 ; 949,6 ; 22,3 ; 25 ;"ATC"; 1,9 ;""
02/06/2023 ;17:34:11 ; 950,8 ; 22,3 ; 25 ;"ATC"; 1,9 ;""
02/06/2023 ;17:34:16 ; 951,1 ; 22,3 ; 25 ;"ATC"; 1,9 ;""
02/06/2023 ;17:34:21 ; 951,7 ; 22,3 ; 25 ;"ATC"; 1,9 ;""
02/06/2023 ;17:34:26 ; 951,1 ; 22,3 ; 25 ;"ATC"; 1,9 ;""
02/06/2023 ;17:34:31 ; 950,6 ; 22,3 ; 25 ;"ATC"; 1,9 ;""
02/06/2023 ;17:34:36 ; 949 ; 22,3 ; 25 ;"ATC"; 1,9 ;""
02/06/2023 ;17:34:41 ; 948,4 ; 22,3 ; 25 ;"ATC"; 1,9 ;""
02/06/2023 ;17:34:46 ; 949 ; 22,3 ; 25 ;"ATC"; 1,9 ;""
02/06/2023 ;17:34:51 ; 949,5 ; 22,3 ; 25 ;"ATC"; 1,9 ;""
02/06/2023 ;17:34:56 ; 950,2 ; 22,3 ; 25 ;"ATC"; 1,9 ;""
02/06/2023 ;17:35:01 ; 951,3 ; 22,3 ; 25 ;"ATC"; 1,9 ;""
02/06/2023 ;17:35:06 ; 951,4 ; 22,3 ; 25 ;"ATC"; 1,9 ;""
02/06/2023 ;17:35:11 ; 951,4 ; 22,3 ; 25 ;"ATC"; 1,9 ;""
02/06/2023 ;17:35:16 ; 951,6 ; 22,3 ; 25 ;"ATC"; 1,9 ;""
02/06/2023 ;17:35:21 ; 951,9 ; 22,3 ; 25 ;"ATC"; 1,9 ;""
02/06/2023 ;17:35:26 ; 952,2 ; 22,3 ; 25 ;"ATC"; 1,9 ;""
02/06/2023 ;17:35:31 ; 952,3 ; 22,3 ; 25 ;"ATC"; 1,9 ;""
02/06/2023 ;17:35:36 ; 952,5 ; 22,3 ; 25 ;"ATC"; 1,9 ;""
02/06/2023 ;17:35:41 ; 952,3 ; 22,3 ; 25 ;"ATC"; 1,9 ;""
